"gene_id","expression","gene_name"
"ENSFHEG00000006314",9.83942051819563,"capn12"
"ENSFHEG00000008149",7.16031295607772,NA
"ENSFHEG00000016601",7.02011758490022,"MPEG1"
